train_size,train_fraction,max_train_samples,label,tn,fp,fn,tp
30000,0.20889473794155125,30000,toxic,14055,374,226,1303
30000,0.20889473794155125,30000,severe_toxic,15737,61,97,63
30000,0.20889473794155125,30000,obscene,14949,164,134,711
30000,0.20889473794155125,30000,threat,15910,0,47,1
30000,0.20889473794155125,30000,insult,14971,199,184,604
30000,0.20889473794155125,30000,identity_hate,15802,15,118,23
