train_size,train_fraction,max_train_samples,label,precision,recall,f1,roc_auc
120000,0.835578951766205,120000,toxic,0.8393207054212932,0.8404185742315239,0.8398692810457516,0.9875539056151044
120000,0.835578951766205,120000,severe_toxic,0.39215686274509803,0.75,0.5150214592274678,0.9905757453475124
120000,0.835578951766205,120000,obscene,0.8392434988179669,0.8402366863905325,0.8397397989355411,0.9926471077645054
120000,0.835578951766205,120000,threat,0.5370370370370371,0.6041666666666666,0.5686274509803921,0.9822242300439974
120000,0.835578951766205,120000,insult,0.7449344457687723,0.7931472081218274,0.7682851874615857,0.9887602518328654
120000,0.835578951766205,120000,identity_hate,0.6194029850746269,0.5886524822695035,0.6036363636363636,0.9878078035258768
