train_size,train_fraction,max_train_samples,label,precision,recall,f1,roc_auc
70000,0.48742105519695295,70000,toxic,0.8701854493580599,0.7979071288423807,0.8324803821221426,0.9866231624860204
70000,0.48742105519695295,70000,severe_toxic,0.3987538940809969,0.8,0.5322245322245323,0.991388941638182
70000,0.48742105519695295,70000,obscene,0.8292964244521338,0.850887573964497,0.8399532710280374,0.9914702143262374
70000,0.48742105519695295,70000,threat,0.5121951219512195,0.4375,0.47191011235955055,0.9788366855227321
70000,0.48742105519695295,70000,insult,0.7187153931339978,0.8236040609137056,0.7675931401537551,0.9883484636053659
70000,0.48742105519695295,70000,identity_hate,0.5443786982248521,0.6524822695035462,0.5935483870967742,0.9870616810981273
