train_size,train_fraction,max_train_samples,label,precision,recall,f1,roc_auc
90000,0.6266842138246538,90000,toxic,0.864561403508772,0.8057553956834532,0.8341232227488151,0.9866593560376216
90000,0.6266842138246538,90000,severe_toxic,0.4533898305084746,0.66875,0.5404040404040404,0.9909925307000886
90000,0.6266842138246538,90000,obscene,0.8518971848225214,0.8236686390532545,0.8375451263537906,0.9922693617352826
90000,0.6266842138246538,90000,threat,0.58,0.6041666666666666,0.5918367346938775,0.9795437879740205
90000,0.6266842138246538,90000,insult,0.7258426966292135,0.8197969543147208,0.7699642431466031,0.9887556926742267
90000,0.6266842138246538,90000,identity_hate,0.5614035087719298,0.6808510638297872,0.6153846153846154,0.9859911478672063
