train_size,train_fraction,max_train_samples,label,precision,recall,f1,roc_auc
10000,0.06963157931385042,10000,toxic,0.8321775312066574,0.7848266841072596,0.8078088185796028,0.9820864809673818
10000,0.06963157931385042,10000,severe_toxic,0.42857142857142855,0.6375,0.5125628140703518,0.9891762406633751
10000,0.06963157931385042,10000,obscene,0.8073286052009456,0.808284023668639,0.807806031933767,0.9875629234128539
10000,0.06963157931385042,10000,threat,0.0502092050209205,0.25,0.08362369337979095,0.9098431280117328
10000,0.06963157931385042,10000,insult,0.7311028500619579,0.748730964467005,0.7398119122257053,0.9837639158906337
10000,0.06963157931385042,10000,identity_hate,0.2786885245901639,0.3617021276595745,0.3148148148148148,0.9597831492016176
