train_size,train_fraction,max_train_samples,label,precision,recall,f1,roc_auc
110000,0.7659473724523546,110000,toxic,0.8778901734104047,0.7946370176586004,0.8341915550978373,0.9870173934378667
110000,0.7659473724523546,110000,severe_toxic,0.41156462585034015,0.75625,0.5330396475770925,0.9916573696037473
110000,0.7659473724523546,110000,obscene,0.833729216152019,0.8307692307692308,0.8322465915826912,0.9920850695960256
110000,0.7659473724523546,110000,threat,0.48,0.75,0.5853658536585366,0.9839035983658077
110000,0.7659473724523546,110000,insult,0.7087912087912088,0.8185279187817259,0.7597173144876325,0.9886694451043838
110000,0.7659473724523546,110000,identity_hate,0.5364583333333334,0.7304964539007093,0.6186186186186187,0.9880976882311293
