train_size,train_fraction,max_train_samples,label,precision,recall,f1,roc_auc
130000,0.9052105310800554,130000,toxic,0.8700486448922863,0.8188358404185743,0.8436657681940701,0.9870658479233536
130000,0.9052105310800554,130000,severe_toxic,0.5078534031413613,0.60625,0.5527065527065527,0.990939319850614
130000,0.9052105310800554,130000,obscene,0.7981072555205048,0.8982248520710059,0.8452115812917594,0.9927031353938398
130000,0.9052105310800554,130000,threat,0.5813953488372093,0.5208333333333334,0.5494505494505495,0.9813966582861932
130000,0.9052105310800554,130000,insult,0.7160220994475138,0.8223350253807107,0.7655050206733609,0.988839848886896
130000,0.9052105310800554,130000,identity_hate,0.5833333333333334,0.5957446808510638,0.5894736842105263,0.9866601470632416
