train_size,train_fraction,max_train_samples,label,precision,recall,f1,roc_auc
140000,0.9748421103939059,140000,toxic,0.8544346648612051,0.8253760627861347,0.8396540252827678,0.9865696993750459
140000,0.9748421103939059,140000,severe_toxic,0.4448818897637795,0.70625,0.5458937198067633,0.9918670480440562
140000,0.9748421103939059,140000,obscene,0.8315911730545877,0.8473372781065088,0.839390386869871,0.9926969101016916
140000,0.9748421103939059,140000,threat,0.5333333333333333,0.6666666666666666,0.5925925925925926,0.9856837942593758
140000,0.9748421103939059,140000,insult,0.7578313253012048,0.7982233502538071,0.7775030902348579,0.9890221315781549
140000,0.9748421103939059,140000,identity_hate,0.5573770491803278,0.723404255319149,0.6296296296296297,0.9889077063595727
