train_size,train_fraction,max_train_samples,label,precision,recall,f1,roc_auc
50000,0.3481578965692521,50000,toxic,0.8439189189189189,0.816873773708306,0.8301761382519109,0.9861644766432837
50000,0.3481578965692521,50000,severe_toxic,0.451063829787234,0.6625,0.5367088607594936,0.9909070768451703
50000,0.3481578965692521,50000,obscene,0.8317422434367542,0.8248520710059172,0.8282828282828283,0.9899844446001854
50000,0.3481578965692521,50000,threat,0.5454545454545454,0.5,0.5217391304347826,0.9764757490048188
50000,0.3481578965692521,50000,insult,0.7354988399071926,0.8045685279187818,0.7684848484848484,0.9880726554212997
50000,0.3481578965692521,50000,identity_hate,0.5704697986577181,0.6028368794326241,0.5862068965517241,0.9824085047195382
