train_size,train_fraction,max_train_samples,label,precision,recall,f1,roc_auc
30000,0.20889473794155125,30000,toxic,0.8705882352941177,0.7743623283191629,0.8196607822776047,0.9841589867364797
30000,0.20889473794155125,30000,severe_toxic,0.46078431372549017,0.5875,0.5164835164835165,0.9905454804405621
30000,0.20889473794155125,30000,obscene,0.829585798816568,0.829585798816568,0.829585798816568,0.9902196353544913
30000,0.20889473794155125,30000,threat,0.3269230769230769,0.3541666666666667,0.34,0.9717191755709197
30000,0.20889473794155125,30000,insult,0.7521793275217933,0.766497461928934,0.7592708988057826,0.9868008592968354
30000,0.20889473794155125,30000,identity_hate,0.43037974683544306,0.48226950354609927,0.45484949832775917,0.9746141260166702
