train_size,train_fraction,max_train_samples,label,precision,recall,f1,roc_auc
40000,0.27852631725540167,40000,toxic,0.855944055944056,0.8005232177894048,0.8273065224738088,0.9853686717773382
40000,0.27852631725540167,40000,severe_toxic,0.4744897959183674,0.58125,0.5224719101123596,0.9902881298265604
40000,0.27852631725540167,40000,obscene,0.8048780487804879,0.8591715976331361,0.8311390955924441,0.9910945825471781
40000,0.27852631725540167,40000,threat,0.42592592592592593,0.4791666666666667,0.45098039215686275,0.9721231405824429
40000,0.27852631725540167,40000,insult,0.7337278106508875,0.7868020304568528,0.7593386405388854,0.9877697432482626
40000,0.27852631725540167,40000,identity_hate,0.6347826086956522,0.5177304964539007,0.5703125,0.9783788158624552
