train_size,train_fraction,max_train_samples,label,precision,recall,f1,roc_auc
60000,0.4177894758831025,60000,toxic,0.8599577762139339,0.7992151733158928,0.8284745762711865,0.9860581396713916
60000,0.4177894758831025,60000,severe_toxic,0.46766169154228854,0.5875,0.5207756232686981,0.991571915748829
60000,0.4177894758831025,60000,obscene,0.854679802955665,0.821301775147929,0.8376584188292094,0.9898339804635454
60000,0.4177894758831025,60000,threat,0.6666666666666666,0.4583333333333333,0.5432098765432098,0.9811517913262099
60000,0.4177894758831025,60000,insult,0.7230419977298524,0.8083756345177665,0.7633313361294188,0.9878144982917795
60000,0.4177894758831025,60000,identity_hate,0.48717948717948717,0.6737588652482269,0.5654761904761905,0.9856981244257794
