train_size,train_fraction,max_train_samples,label,precision,recall,f1,roc_auc
20000,0.13926315862770083,20000,toxic,0.8281353682813537,0.81621975147155,0.8221343873517787,0.9838721579393219
20000,0.13926315862770083,20000,severe_toxic,0.5112359550561798,0.56875,0.5384615384615384,0.9866510001265983
20000,0.13926315862770083,20000,obscene,0.8640406607369758,0.8047337278106509,0.8333333333333334,0.9887652270058654
20000,0.13926315862770083,20000,threat,0.32142857142857145,0.375,0.34615384615384615,0.9357067096165933
20000,0.13926315862770083,20000,insult,0.7424425634824667,0.7791878172588832,0.7603715170278638,0.9862880585178467
20000,0.13926315862770083,20000,identity_hate,0.4491017964071856,0.5319148936170213,0.487012987012987,0.9724986178351062
