train_size,train_fraction,max_train_samples,label,precision,recall,f1,roc_auc
100000,0.6963157931385042,100000,toxic,0.8555555555555555,0.8057553956834532,0.8299090602896598,0.9871211467748916
100000,0.6963157931385042,100000,severe_toxic,0.4435146443514644,0.6625,0.531328320802005,0.9913576876819851
100000,0.6963157931385042,100000,obscene,0.8409090909090909,0.8319526627218935,0.8364069006543724,0.992030294855677
100000,0.6963157931385042,100000,threat,0.5238095238095238,0.6875,0.5945945945945946,0.9850879949717158
100000,0.6963157931385042,100000,insult,0.7431629013079667,0.7931472081218274,0.7673419275629221,0.988925301741013
100000,0.6963157931385042,100000,identity_hate,0.5384615384615384,0.6453900709219859,0.5870967741935483,0.9873145735556097
