train_size,train_fraction,max_train_samples,label,precision,recall,f1,roc_auc
80000,0.5570526345108033,80000,toxic,0.8610121168923734,0.790058862001308,0.8240109140518418,0.9858819992311645
80000,0.5570526345108033,80000,severe_toxic,0.40893470790378006,0.74375,0.5277161862527716,0.9912696622990251
80000,0.5570526345108033,80000,obscene,0.852760736196319,0.8224852071005917,0.8373493975903614,0.9913742508604803
80000,0.5570526345108033,80000,threat,0.5263157894736842,0.625,0.5714285714285714,0.983682301487534
80000,0.5570526345108033,80000,insult,0.7515225334957369,0.7829949238578681,0.766935985083903,0.9882814565215209
80000,0.5570526345108033,80000,identity_hate,0.5679012345679012,0.6524822695035462,0.6072607260726073,0.9867995966275624
