train_size,train_fraction,max_train_samples,label,best_threshold,best_f1_on_val
120000,0.835578951766205,120000,toxic,0.37,0.8398692810457516
120000,0.835578951766205,120000,severe_toxic,0.35,0.5150214592274678
120000,0.835578951766205,120000,obscene,0.58,0.8397397989355411
120000,0.835578951766205,120000,threat,0.31,0.5686274509803921
120000,0.835578951766205,120000,insult,0.45,0.7682851874615857
120000,0.835578951766205,120000,identity_hate,0.35,0.6036363636363636
