train_size,train_fraction,max_train_samples,label,best_threshold,best_f1_on_val
40000,0.27852631725540167,40000,toxic,0.46,0.8273065224738088
40000,0.27852631725540167,40000,severe_toxic,0.28,0.5224719101123596
40000,0.27852631725540167,40000,obscene,0.32,0.8311390955924441
40000,0.27852631725540167,40000,threat,0.15,0.45098039215686275
40000,0.27852631725540167,40000,insult,0.41,0.7593386405388854
40000,0.27852631725540167,40000,identity_hate,0.3,0.5703125
