train_size,train_fraction,max_train_samples,label,best_threshold,best_f1_on_val
90000,0.6266842138246538,90000,toxic,0.41,0.8341232227488151
90000,0.6266842138246538,90000,severe_toxic,0.29,0.5404040404040404
90000,0.6266842138246538,90000,obscene,0.58,0.8375451263537906
90000,0.6266842138246538,90000,threat,0.23,0.5918367346938775
90000,0.6266842138246538,90000,insult,0.32,0.7699642431466031
90000,0.6266842138246538,90000,identity_hate,0.15,0.6153846153846154
