train_size,train_fraction,max_train_samples,label,best_threshold,best_f1_on_val
10000,0.06963157931385042,10000,toxic,0.48,0.8078088185796028
10000,0.06963157931385042,10000,severe_toxic,0.17,0.5125628140703518
10000,0.06963157931385042,10000,obscene,0.33,0.807806031933767
10000,0.06963157931385042,10000,threat,0.05,0.08362369337979095
10000,0.06963157931385042,10000,insult,0.32,0.7398119122257053
10000,0.06963157931385042,10000,identity_hate,0.16,0.3148148148148148
