train_size,train_fraction,max_train_samples,label,best_threshold,best_f1_on_val
110000,0.7659473724523546,110000,toxic,0.35,0.8341915550978373
110000,0.7659473724523546,110000,severe_toxic,0.21,0.5330396475770925
110000,0.7659473724523546,110000,obscene,0.46,0.8322465915826912
110000,0.7659473724523546,110000,threat,0.24,0.5853658536585366
110000,0.7659473724523546,110000,insult,0.22,0.7597173144876325
110000,0.7659473724523546,110000,identity_hate,0.2,0.6186186186186187
