train_size,train_fraction,max_train_samples,label,best_threshold,best_f1_on_val
50000,0.3481578965692521,50000,toxic,0.47,0.8301761382519109
50000,0.3481578965692521,50000,severe_toxic,0.46,0.5367088607594936
50000,0.3481578965692521,50000,obscene,0.6,0.8282828282828283
50000,0.3481578965692521,50000,threat,0.27,0.5217391304347826
50000,0.3481578965692521,50000,insult,0.45,0.7684848484848484
50000,0.3481578965692521,50000,identity_hate,0.28,0.5862068965517241
