train_size,train_fraction,max_train_samples,label,best_threshold,best_f1_on_val
60000,0.4177894758831025,60000,toxic,0.49,0.8284745762711865
60000,0.4177894758831025,60000,severe_toxic,0.31,0.5207756232686981
60000,0.4177894758831025,60000,obscene,0.65,0.8376584188292094
60000,0.4177894758831025,60000,threat,0.22,0.5432098765432098
60000,0.4177894758831025,60000,insult,0.48,0.7633313361294188
60000,0.4177894758831025,60000,identity_hate,0.2,0.5654761904761905
