train_size,train_fraction,max_train_samples,label,best_threshold,best_f1_on_val
143613,1.0,143613,toxic,0.6,0.8407557354925776
143613,1.0,143613,severe_toxic,0.25,0.5430809399477807
143613,1.0,143613,obscene,0.37,0.8445229681978799
143613,1.0,143613,threat,0.43,0.5679012345679012
143613,1.0,143613,insult,0.33,0.771770062606716
143613,1.0,143613,identity_hate,0.21,0.6081871345029239
