train_size,train_fraction,max_train_samples,label,best_threshold,best_f1_on_val
70000,0.48742105519695295,70000,toxic,0.68,0.8324803821221426
70000,0.48742105519695295,70000,severe_toxic,0.19,0.5322245322245323
70000,0.48742105519695295,70000,obscene,0.45,0.8399532710280374
70000,0.48742105519695295,70000,threat,0.23,0.47191011235955055
70000,0.48742105519695295,70000,insult,0.44,0.7675931401537551
70000,0.48742105519695295,70000,identity_hate,0.31,0.5935483870967742
