train_size,train_fraction,max_train_samples,label,best_threshold,best_f1_on_val
30000,0.20889473794155125,30000,toxic,0.74,0.8196607822776047
30000,0.20889473794155125,30000,severe_toxic,0.42,0.5164835164835165
30000,0.20889473794155125,30000,obscene,0.56,0.829585798816568
30000,0.20889473794155125,30000,threat,0.18,0.34
30000,0.20889473794155125,30000,insult,0.5,0.7594458438287154
30000,0.20889473794155125,30000,identity_hate,0.22,0.45484949832775917
