train_size,train_fraction,max_train_samples,label,best_threshold,best_f1_on_val
20000,0.13926315862770083,20000,toxic,0.57,0.8221343873517787
20000,0.13926315862770083,20000,severe_toxic,0.34,0.5384615384615384
20000,0.13926315862770083,20000,obscene,0.54,0.8333333333333334
20000,0.13926315862770083,20000,threat,0.12,0.34615384615384615
20000,0.13926315862770083,20000,insult,0.44,0.7603715170278638
20000,0.13926315862770083,20000,identity_hate,0.21,0.487012987012987
