train_size,train_fraction,max_train_samples,label,best_threshold,best_f1_on_val
100000,0.6963157931385042,100000,toxic,0.53,0.8299090602896598
100000,0.6963157931385042,100000,severe_toxic,0.32,0.531328320802005
100000,0.6963157931385042,100000,obscene,0.55,0.8364069006543724
100000,0.6963157931385042,100000,threat,0.36,0.5945945945945946
100000,0.6963157931385042,100000,insult,0.53,0.7673419275629221
100000,0.6963157931385042,100000,identity_hate,0.28,0.5870967741935483
