train_size,train_fraction,max_train_samples,label,best_threshold,best_f1_on_val
80000,0.5570526345108033,80000,toxic,0.59,0.8240109140518418
80000,0.5570526345108033,80000,severe_toxic,0.19,0.5277161862527716
80000,0.5570526345108033,80000,obscene,0.62,0.8373493975903614
80000,0.5570526345108033,80000,threat,0.24,0.5714285714285714
80000,0.5570526345108033,80000,insult,0.48,0.766935985083903
80000,0.5570526345108033,80000,identity_hate,0.33,0.6072607260726073
