train_size,train_fraction,max_train_samples,label,best_threshold,best_f1_on_val
130000,0.9052105310800554,130000,toxic,0.5,0.8436657681940701
130000,0.9052105310800554,130000,severe_toxic,0.35,0.5527065527065527
130000,0.9052105310800554,130000,obscene,0.2,0.8452115812917594
130000,0.9052105310800554,130000,threat,0.44,0.5494505494505495
130000,0.9052105310800554,130000,insult,0.38,0.7655050206733609
130000,0.9052105310800554,130000,identity_hate,0.36,0.5894736842105263
