train_size,train_fraction,max_train_samples,label,best_threshold,best_f1_on_val
140000,0.9748421103939059,140000,toxic,0.51,0.8396540252827678
140000,0.9748421103939059,140000,severe_toxic,0.24,0.5458937198067633
140000,0.9748421103939059,140000,obscene,0.54,0.839390386869871
140000,0.9748421103939059,140000,threat,0.29,0.5925925925925926
140000,0.9748421103939059,140000,insult,0.47,0.7775030902348579
140000,0.9748421103939059,140000,identity_hate,0.12,0.6296296296296297
