train_size,train_fraction,max_train_samples,label,precision,recall,f1,roc_auc
30000,0.49109481403876376,30000,toxic,0.711864406779661,0.7416612164813604,0.726457399103139,0.9559418865275725
30000,0.49109481403876376,30000,severe_toxic,0.3688212927756654,0.60625,0.458628841607565,0.9831881409039118
30000,0.49109481403876376,30000,obscene,0.7795275590551181,0.7029585798816568,0.7392657125077785,0.9713387941021818
30000,0.49109481403876376,30000,threat,0.4,0.4166666666666667,0.40816326530612246,0.9719110098470564
30000,0.49109481403876376,30000,insult,0.6508670520231213,0.7144670050761421,0.6811857229280097,0.9688025558057748
30000,0.49109481403876376,30000,identity_hate,0.40476190476190477,0.3617021276595745,0.38202247191011235,0.9548382945542478
