train_size,train_fraction,max_train_samples,label,precision,recall,f1,roc_auc
60000,0.9821896280775275,60000,toxic,0.7769230769230769,0.7266187050359713,0.7509293680297398,0.9602720359011023
60000,0.9821896280775275,60000,severe_toxic,0.37130801687763715,0.55,0.4433249370277078,0.9842440498797316
60000,0.9821896280775275,60000,obscene,0.7997416020671835,0.7325443786982249,0.7646695491043854,0.9759473504725938
60000,0.9821896280775275,60000,threat,0.47368421052631576,0.375,0.4186046511627907,0.9703593128011732
60000,0.9821896280775275,60000,insult,0.6772228989037758,0.7055837563451777,0.6911124922311995,0.9703677275145643
60000,0.9821896280775275,60000,identity_hate,0.4722222222222222,0.3617021276595745,0.40963855421686746,0.9570237517134137
