train_size,train_fraction,max_train_samples,label,precision,recall,f1,roc_auc
50000,0.8184913567312729,50000,toxic,0.8134920634920635,0.670372792674951,0.7350304768734314,0.9604761430555906
50000,0.8184913567312729,50000,severe_toxic,0.35036496350364965,0.6,0.4423963133640553,0.984286381187492
50000,0.8184913567312729,50000,obscene,0.796078431372549,0.7207100591715976,0.7565217391304347,0.9765612660756424
50000,0.8184913567312729,50000,threat,0.4634146341463415,0.3958333333333333,0.42696629213483145,0.9742719463649696
50000,0.8184913567312729,50000,insult,0.7064220183486238,0.684010152284264,0.6950354609929078,0.9716070657756927
50000,0.8184913567312729,50000,identity_hate,0.3386243386243386,0.45390070921985815,0.3878787878787879,0.9549019660595005
