train_size,train_fraction,max_train_samples,label,precision,recall,f1,roc_auc
61088,1.0,61088,toxic,0.797145003756574,0.6939175931981687,0.7419580419580419,0.9602622226213006
61088,1.0,61088,severe_toxic,0.33753943217665616,0.66875,0.44863731656184486,0.9835489460691228
61088,1.0,61088,obscene,0.786346396965866,0.736094674556213,0.7603911980440098,0.9757558150688874
61088,1.0,61088,threat,0.4523809523809524,0.3958333333333333,0.4222222222222222,0.9737376911795517
61088,1.0,61088,insult,0.6822660098522167,0.7030456852791879,0.6925,0.9709886096322892
61088,1.0,61088,identity_hate,0.37254901960784315,0.40425531914893614,0.3877551020408163,0.954654902683485
