train_size,train_fraction,max_train_samples,label,precision,recall,f1,roc_auc
10000,0.1636982713462546,10000,toxic,0.6950986632718014,0.7141922825376062,0.704516129032258,0.9459335196300271
10000,0.1636982713462546,10000,severe_toxic,0.30277777777777776,0.68125,0.41923076923076924,0.9813132991517912
10000,0.1636982713462546,10000,obscene,0.7015276145710928,0.7065088757396449,0.7040094339622641,0.9602872952750031
10000,0.1636982713462546,10000,threat,0.5833333333333334,0.2916666666666667,0.3888888888888889,0.9725853760737482
10000,0.1636982713462546,10000,insult,0.6217142857142857,0.6903553299492385,0.6542393265183404,0.9573612008070965
10000,0.1636982713462546,10000,identity_hate,0.25806451612903225,0.45390070921985815,0.32904884318766064,0.9458686833494978
