train_size,train_fraction,max_train_samples,label,precision,recall,f1,roc_auc
40000,0.6547930853850183,40000,toxic,0.7345639719923616,0.7547416612164813,0.7445161290322581,0.9579876267459875
40000,0.6547930853850183,40000,severe_toxic,0.37448559670781895,0.56875,0.45161290322580644,0.9823169863273832
40000,0.6547930853850183,40000,obscene,0.750599520383693,0.7408284023668639,0.7456819535437761,0.9713330777961838
40000,0.6547930853850183,40000,threat,0.4117647058823529,0.4375,0.42424242424242425,0.968088728263147
40000,0.6547930853850183,40000,insult,0.6424581005586593,0.7296954314720813,0.6833036244800951,0.9657180131102999
40000,0.6547930853850183,40000,identity_hate,0.4330708661417323,0.3900709219858156,0.41044776119402987,0.9508310252412678
