train_size,train_fraction,max_train_samples,label,precision,recall,f1,roc_auc
20000,0.3273965426925092,20000,toxic,0.7314132618888145,0.7141922825376062,0.7227001985440106,0.9520125858373023
20000,0.3273965426925092,20000,severe_toxic,0.3602693602693603,0.66875,0.4682713347921225,0.983444502468667
20000,0.3273965426925092,20000,obscene,0.7237163814180929,0.7005917159763314,0.7119663259170175,0.9649558337056112
20000,0.3273965426925092,20000,threat,0.48484848484848486,0.3333333333333333,0.3950617283950617,0.9764155143515608
20000,0.3273965426925092,20000,insult,0.664572864321608,0.6713197969543148,0.6679292929292929,0.9670556451585918
20000,0.3273965426925092,20000,identity_hate,0.2549019607843137,0.46099290780141844,0.3282828282828283,0.9512251608265997
