train_size,train_fraction,max_train_samples,label,best_threshold,best_f1_on_val
40000,0.6547930853850183,40000,toxic,0.61,0.744516
40000,0.6547930853850183,40000,severe_toxic,0.89,0.451613
40000,0.6547930853850183,40000,obscene,0.65,0.745682
40000,0.6547930853850183,40000,threat,0.92,0.424242
40000,0.6547930853850183,40000,insult,0.54,0.683304
40000,0.6547930853850183,40000,identity_hate,0.86,0.410448
