train_size,train_fraction,max_train_samples,label,best_threshold,best_f1_on_val
20000,0.3273965426925092,20000,toxic,0.77,0.7227
20000,0.3273965426925092,20000,severe_toxic,0.89,0.468271
20000,0.3273965426925092,20000,obscene,0.8,0.711966
20000,0.3273965426925092,20000,threat,0.99,0.395062
20000,0.3273965426925092,20000,insult,0.79,0.667929
20000,0.3273965426925092,20000,identity_hate,0.83,0.328283
