train_size,train_fraction,max_train_samples,label,best_threshold,best_f1_on_val
60000,0.9821896280775275,60000,toxic,0.76,0.750929
60000,0.9821896280775275,60000,severe_toxic,0.93,0.443325
60000,0.9821896280775275,60000,obscene,0.81,0.76467
60000,0.9821896280775275,60000,threat,0.96,0.418605
60000,0.9821896280775275,60000,insult,0.75,0.691112
60000,0.9821896280775275,60000,identity_hate,0.95,0.409639
