train_size,train_fraction,max_train_samples,label,best_threshold,best_f1_on_val
10000,0.1636982713462546,10000,toxic,0.68,0.704516
10000,0.1636982713462546,10000,severe_toxic,0.82,0.419231
10000,0.1636982713462546,10000,obscene,0.75,0.704009
10000,0.1636982713462546,10000,threat,0.96,0.388889
10000,0.1636982713462546,10000,insult,0.67,0.654239
10000,0.1636982713462546,10000,identity_hate,0.84,0.329049
