train_size,train_fraction,max_train_samples,label,best_threshold,best_f1_on_val
30000,0.49109481403876376,30000,toxic,0.77,0.726457
30000,0.49109481403876376,30000,severe_toxic,0.92,0.458629
30000,0.49109481403876376,30000,obscene,0.87,0.739266
30000,0.49109481403876376,30000,threat,0.93,0.408163
30000,0.49109481403876376,30000,insult,0.78,0.681186
30000,0.49109481403876376,30000,identity_hate,0.96,0.382022
