train_size,train_fraction,max_train_samples,label,best_threshold,best_f1_on_val
50000,0.8184913567312729,50000,toxic,0.88,0.73503
50000,0.8184913567312729,50000,severe_toxic,0.94,0.442396
50000,0.8184913567312729,50000,obscene,0.87,0.756522
50000,0.8184913567312729,50000,threat,0.98,0.426966
50000,0.8184913567312729,50000,insult,0.81,0.695035
50000,0.8184913567312729,50000,identity_hate,0.92,0.387879
