run_id,label,precision,recall,f1,roc_auc
run_15_lr2.50e-05_wd0.015_warm0.06,toxic,0.8472131147540983,0.8449967298888162,0.8461034708578913,0.9878203599583554
run_15_lr2.50e-05_wd0.015_warm0.06,severe_toxic,0.5325443786982249,0.5625,0.547112462006079,0.9924931162172427
run_15_lr2.50e-05_wd0.015_warm0.06,obscene,0.8459715639810427,0.8449704142011835,0.8454706927175843,0.9927759595661403
run_15_lr2.50e-05_wd0.015_warm0.06,threat,0.49230769230769234,0.6666666666666666,0.5663716814159292,0.9897404672113974
run_15_lr2.50e-05_wd0.015_warm0.06,insult,0.7214514407684098,0.8578680203045685,0.783768115942029,0.9894228356126337
run_15_lr2.50e-05_wd0.015_warm0.06,identity_hate,0.5303030303030303,0.7446808510638298,0.6194690265486725,0.9881741388765207
