run_id,label,precision,recall,f1,roc_auc
run_11_lr2.00e-05_wd0.015_warm0.06,toxic,0.8379960962914769,0.842380640941792,0.8401826484018264,0.9878819592528146
run_11_lr2.00e-05_wd0.015_warm0.06,severe_toxic,0.5317919075144508,0.575,0.5525525525525525,0.9922822509178377
run_11_lr2.00e-05_wd0.015_warm0.06,obscene,0.8444180522565321,0.8414201183431953,0.8429164196799052,0.9927815192610148
run_11_lr2.00e-05_wd0.015_warm0.06,threat,0.5555555555555556,0.625,0.5882352941176471,0.9904312015503877
run_11_lr2.00e-05_wd0.015_warm0.06,insult,0.7294372294372294,0.8553299492385786,0.7873831775700935,0.9896143621026003
run_11_lr2.00e-05_wd0.015_warm0.06,identity_hate,0.5245098039215687,0.7588652482269503,0.6202898550724638,0.9882799591246872
