run_id,label,precision,recall,f1,roc_auc
run_03_lr1.50e-05_wd0.015_warm0.06,toxic,0.863950276243094,0.8181818181818182,0.8404433993953645,0.9881132399003334
run_03_lr1.50e-05_wd0.015_warm0.06,severe_toxic,0.5139664804469274,0.575,0.5427728613569321,0.9922195451955944
run_03_lr1.50e-05_wd0.015_warm0.06,obscene,0.8742058449809402,0.8142011834319527,0.8431372549019608,0.992830890917612
run_03_lr1.50e-05_wd0.015_warm0.06,threat,0.5384615384615384,0.7291666666666666,0.6194690265486725,0.9899578357427194
run_03_lr1.50e-05_wd0.015_warm0.06,insult,0.7381738173817382,0.8515228426395939,0.7908073070123748,0.9896979327352611
run_03_lr1.50e-05_wd0.015_warm0.06,identity_hate,0.58125,0.6595744680851063,0.6179401993355482,0.988637775048572
