run_id,label,precision,recall,f1,roc_auc
run_10_lr2.00e-05_wd0.010_warm0.10,toxic,0.8614748449345279,0.8175277959450621,0.8389261744966443,0.9879639556646445
run_10_lr2.00e-05_wd0.010_warm0.10,severe_toxic,0.5191256830601093,0.59375,0.5539358600583091,0.9924410922268643
run_10_lr2.00e-05_wd0.010_warm0.10,obscene,0.8469750889679716,0.8449704142011835,0.8459715639810427,0.992736493563087
run_10_lr2.00e-05_wd0.010_warm0.10,threat,0.5076923076923077,0.6875,0.584070796460177,0.9888402210349885
run_10_lr2.00e-05_wd0.010_warm0.10,insult,0.754079254079254,0.8210659898477157,0.7861482381530984,0.9898014549153586
run_10_lr2.00e-05_wd0.010_warm0.10,identity_hate,0.5549132947976878,0.6808510638297872,0.6114649681528662,0.9886393444166591
