run_id,label,precision,recall,f1,roc_auc
run_16_lr2.50e-05_wd0.015_warm0.10,toxic,0.819435736677116,0.854807063440157,0.8367477592829705,0.9871967067630179
run_16_lr2.50e-05_wd0.015_warm0.10,severe_toxic,0.5704697986577181,0.53125,0.5501618122977346,0.9925597781364729
run_16_lr2.50e-05_wd0.015_warm0.10,obscene,0.8304696449026346,0.8579881656804734,0.8440046565774156,0.9929228607997269
run_16_lr2.50e-05_wd0.015_warm0.10,threat,0.5166666666666667,0.6458333333333334,0.5740740740740741,0.9870181227739367
run_16_lr2.50e-05_wd0.015_warm0.10,insult,0.7622461170848268,0.8096446700507615,0.7852307692307692,0.989579645573517
run_16_lr2.50e-05_wd0.015_warm0.10,identity_hate,0.5428571428571428,0.6737588652482269,0.6012658227848101,0.9883005851052621
