run_id,label,precision,recall,f1,roc_auc
run_04_lr1.50e-05_wd0.015_warm0.10,toxic,0.8674531575294934,0.8175277959450621,0.8417508417508418,0.9878870358686934
run_04_lr1.50e-05_wd0.015_warm0.10,severe_toxic,0.5248618784530387,0.59375,0.5571847507331378,0.9923914419546779
run_04_lr1.50e-05_wd0.015_warm0.10,obscene,0.8335246842709529,0.8591715976331361,0.8461538461538461,0.9928652670591602
run_04_lr1.50e-05_wd0.015_warm0.10,threat,0.53125,0.7083333333333334,0.6071428571428571,0.9885835690341503
run_04_lr1.50e-05_wd0.015_warm0.10,insult,0.7383073496659243,0.8413705583756346,0.7864768683274022,0.9897430642230692
run_04_lr1.50e-05_wd0.015_warm0.10,identity_hate,0.5958904109589042,0.6170212765957447,0.6062717770034843,0.9889579261383636
