run_id,label,precision,recall,f1,roc_auc
run_02_lr1.50e-05_wd0.010_warm0.10,toxic,0.85578231292517,0.8227599738391105,0.8389463154384795,0.9880397649508718
run_02_lr1.50e-05_wd0.010_warm0.10,severe_toxic,0.5329341317365269,0.55625,0.5443425076452599,0.9923200325990631
run_02_lr1.50e-05_wd0.010_warm0.10,obscene,0.8409356725146199,0.850887573964497,0.8458823529411764,0.992993100888494
run_02_lr1.50e-05_wd0.010_warm0.10,threat,0.4864864864864865,0.75,0.5901639344262295,0.9884820867379007
run_02_lr1.50e-05_wd0.010_warm0.10,insult,0.7120582120582121,0.8692893401015228,0.7828571428571428,0.9895832845349992
run_02_lr1.50e-05_wd0.010_warm0.10,identity_hate,0.5372340425531915,0.7163120567375887,0.6139817629179332,0.9892103702049639
