run_id,label,precision,recall,f1,roc_auc
run_14_lr2.50e-05_wd0.010_warm0.10,toxic,0.8397898883782009,0.8364944408109876,0.8381389252948886,0.9878773812331383
run_14_lr2.50e-05_wd0.010_warm0.10,severe_toxic,0.49019607843137253,0.625,0.5494505494505495,0.9924173550449423
run_14_lr2.50e-05_wd0.010_warm0.10,obscene,0.8533653846153846,0.8402366863905325,0.8467501490757304,0.992856379377917
run_14_lr2.50e-05_wd0.010_warm0.10,threat,0.5238095238095238,0.6875,0.5945945945945946,0.9869009270898806
run_14_lr2.50e-05_wd0.010_warm0.10,insult,0.7488532110091743,0.8286802030456852,0.7867469879518072,0.9897269607728318
run_14_lr2.50e-05_wd0.010_warm0.10,identity_hate,0.5621301775147929,0.6737588652482269,0.6129032258064516,0.9889765343599691
