run_id,label,precision,recall,f1,roc_auc
run_07_lr1.75e-05_wd0.015_warm0.06,toxic,0.8725352112676056,0.8103335513407456,0.8402848423194303,0.9882052082362109
run_07_lr1.75e-05_wd0.015_warm0.06,severe_toxic,0.5449101796407185,0.56875,0.5565749235474006,0.992356825231042
run_07_lr1.75e-05_wd0.015_warm0.06,obscene,0.8506024096385543,0.8355029585798817,0.8429850746268657,0.9928246656254637
run_07_lr1.75e-05_wd0.015_warm0.06,threat,0.6041666666666666,0.6041666666666666,0.6041666666666666,0.9909215901948459
run_07_lr1.75e-05_wd0.015_warm0.06,insult,0.7350993377483444,0.8451776649746193,0.7863046044864227,0.9898178511556004
run_07_lr1.75e-05_wd0.015_warm0.06,identity_hate,0.5309278350515464,0.7304964539007093,0.6149253731343284,0.9885489936539238
