run_id,label,precision,recall,f1,roc_auc
run_05_lr1.75e-05_wd0.010_warm0.06,toxic,0.866481223922114,0.8149117069980379,0.8399056285810583,0.9880111636596255
run_05_lr1.75e-05_wd0.010_warm0.06,severe_toxic,0.4349442379182156,0.73125,0.5454545454545454,0.992286404924674
run_05_lr1.75e-05_wd0.010_warm0.06,obscene,0.8493975903614458,0.834319526627219,0.8417910447761194,0.9928054416100878
run_05_lr1.75e-05_wd0.010_warm0.06,threat,0.627906976744186,0.5625,0.5934065934065934,0.9909353394091766
run_05_lr1.75e-05_wd0.010_warm0.06,insult,0.7343578485181119,0.8489847715736041,0.7875220718069452,0.9896748441520634
run_05_lr1.75e-05_wd0.010_warm0.06,identity_hate,0.5822784810126582,0.6524822695035462,0.6153846153846154,0.9886783544233985
