run_id,label,precision,recall,f1,roc_auc
run_01_lr1.50e-05_wd0.010_warm0.06,toxic,0.882480173035328,0.8005232177894048,0.8395061728395061,0.9880692047902766
run_01_lr1.50e-05_wd0.010_warm0.06,severe_toxic,0.5416666666666666,0.56875,0.5548780487804879,0.9922964932269907
run_01_lr1.50e-05_wd0.010_warm0.06,obscene,0.8467065868263473,0.8366863905325443,0.8416666666666667,0.9928264275006001
run_01_lr1.50e-05_wd0.010_warm0.06,threat,0.5147058823529411,0.7291666666666666,0.603448275862069,0.9903257909071862
run_01_lr1.50e-05_wd0.010_warm0.06,insult,0.7364939360529217,0.8477157360406091,0.7882005899705015,0.9896419261901496
run_01_lr1.50e-05_wd0.010_warm0.06,identity_hate,0.5326633165829145,0.75177304964539,0.6235294117647059,0.9886552622929724
