run_id,label,precision,recall,f1,roc_auc
run_13_lr2.50e-05_wd0.010_warm0.06,toxic,0.8385416666666666,0.842380640941792,0.8404567699836868,0.9877101475341631
run_13_lr2.50e-05_wd0.010_warm0.06,severe_toxic,0.54375,0.54375,0.54375,0.9924132010381062
run_13_lr2.50e-05_wd0.010_warm0.06,obscene,0.8474374255065554,0.8414201183431953,0.8444180522565321,0.9926733792804268
run_13_lr2.50e-05_wd0.010_warm0.06,threat,0.5882352941176471,0.625,0.6060606060606061,0.9891315734338991
run_13_lr2.50e-05_wd0.010_warm0.06,insult,0.7285407725321889,0.8616751269035533,0.7895348837209303,0.9895798965363779
run_13_lr2.50e-05_wd0.010_warm0.06,identity_hate,0.4956521739130435,0.8085106382978723,0.6145552560646901,0.9882339990592759
