run_id,label,precision,recall,f1,roc_auc
run_12_lr2.00e-05_wd0.015_warm0.10,toxic,0.8519269776876268,0.8240680183126227,0.8377659574468085,0.9879251784781764
run_12_lr2.00e-05_wd0.015_warm0.10,severe_toxic,0.5337423312883436,0.54375,0.5386996904024768,0.9923716609697429
run_12_lr2.00e-05_wd0.015_warm0.10,obscene,0.8451536643026005,0.8461538461538461,0.8456534594914252,0.9927505102586158
run_12_lr2.00e-05_wd0.015_warm0.10,threat,0.5238095238095238,0.6875,0.5945945945945946,0.9876937984496125
run_12_lr2.00e-05_wd0.015_warm0.10,insult,0.7558139534883721,0.8248730964467005,0.7888349514563107,0.9898201934756349
run_12_lr2.00e-05_wd0.015_warm0.10,identity_hate,0.5654761904761905,0.6737588652482269,0.6148867313915858,0.9887133289121992
