run_id,label,precision,recall,f1,roc_auc
run_08_lr1.75e-05_wd0.015_warm0.10,toxic,0.8522267206477733,0.8260300850228908,0.8389239455330455,0.9878973477446976
run_08_lr1.75e-05_wd0.015_warm0.10,severe_toxic,0.5136612021857924,0.5875,0.5481049562682215,0.9924215090517785
run_08_lr1.75e-05_wd0.015_warm0.10,obscene,0.8257918552036199,0.863905325443787,0.8444187391555813,0.9929658505530526
run_08_lr1.75e-05_wd0.015_warm0.10,threat,0.5740740740740741,0.6458333333333334,0.6078431372549019,0.9879596165933374
run_08_lr1.75e-05_wd0.015_warm0.10,insult,0.7457627118644068,0.8375634517766497,0.7890017931858936,0.9897347824486614
run_08_lr1.75e-05_wd0.015_warm0.10,identity_hate,0.5606936416184971,0.6879432624113475,0.6178343949044586,0.9890303412658165
