train_size,epochs,training_time_s,inference_time_s,threshold_tuning_time_s,train_loss,val_loss,micro_f1,macro_f1,micro_macro_gap,threat_f1,identity_hate_f1,tuned_micro_f1,tuned_macro_f1,tuned_micro_macro_gap,tuned_threat_f1,tuned_identity_hate_f1
10000,2,4670.380739100045,20.732297000009567,2.5987282000714913,0.6161860743905329,0.30764007568359375,0.44861337683523655,0.37164441836560064,0.07696895846963592,0.055591467356173235,0.17371252882398155,0.5838026280504156,0.4587840163580814,0.1250186116923342,0.18461538461538463,0.2606060606060606
20000,2,113.26426759990864,17.859327199985273,2.3889009000267833,0.5145163285656097,0.23792345821857452,0.5639316055489838,0.4431799490787986,0.12075165647018521,0.12271973466003316,0.23745410036719705,0.6473814093775706,0.5184919989562754,0.1288894104212952,0.35135135135135137,0.2983050847457627
30000,2,203.2467328000348,20.199143800069578,2.3113662999821827,0.4704403180493983,0.235714390873909,0.5660267597440373,0.4421726725045554,0.12385408723948188,0.17956656346749225,0.2222222222222222,0.6657458563535912,0.5456811368889937,0.12006471946459751,0.38202247191011235,0.32524271844660196
40000,2,419.9722004000796,18.72302919998765,3.8624809000175446,0.43598179087638855,0.22338107228279114,0.5638124460638604,0.44109782077072346,0.12271462529313693,0.12682926829268293,0.22464558342420937,0.6788351678974502,0.5639214668056761,0.11491370109177412,0.4230769230769231,0.38227146814404434
50000,2,446.4624031999847,16.865364899975248,2.309788899961859,0.40273625668509844,0.21404388546943665,0.5927592554714666,0.4652028965290114,0.12755635894245515,0.1450381679389313,0.24046242774566473,0.6960023008340523,0.57605992690992,0.11994237392413232,0.42857142857142855,0.40714285714285714
60000,2,473.1360824999865,18.224526399979368,4.333392699947581,0.38127223440388375,0.2178676575422287,0.6044090630740968,0.4797087631045614,0.12470029996953541,0.2421875,0.2958579881656805,0.7002194586686175,0.5809999474916784,0.11921951117693907,0.42105263157894735,0.4177777777777778
61088,2,572.1682100000326,13.496788199990988,1.6554395999992266,0.37627413258814685,0.2153431475162506,0.6187480004265756,0.48591192276349987,0.13283607766307576,0.22695035460992907,0.30293159609120524,0.7017994858611826,0.5829167307858495,0.11888275507533308,0.4375,0.4206008583690987
