train_size,train_fraction,max_train_samples,label,tn,fp,fn,tp
10000,0.06963157931385042,10000,toxic,14152,277,311,1218
10000,0.06963157931385042,10000,severe_toxic,15778,20,131,29
10000,0.06963157931385042,10000,obscene,14973,140,192,653
10000,0.06963157931385042,10000,threat,15910,0,48,0
10000,0.06963157931385042,10000,insult,14977,193,240,548
10000,0.06963157931385042,10000,identity_hate,15814,3,133,8
