train_size,train_fraction,max_train_samples,label,precision,recall,f1,roc_auc
30000,0.20889473794155125,30000,toxic,0.810420590081607,0.8443427076520602,0.8270339525944908,0.9858451031121876
30000,0.20889473794155125,30000,severe_toxic,0.4434782608695652,0.6375,0.5230769230769231,0.9906319233447272
30000,0.20889473794155125,30000,obscene,0.8425480769230769,0.829585798816568,0.8360166964818128,0.9922036242163083
30000,0.20889473794155125,30000,threat,0.5,0.2916666666666667,0.3684210526315789,0.9697530379216426
30000,0.20889473794155125,30000,insult,0.7439903846153846,0.7855329949238579,0.7641975308641975,0.9872992715384694
30000,0.20889473794155125,30000,identity_hate,0.3434343434343434,0.48226950354609927,0.40117994100294985,0.973613765958792
