train_size,train_fraction,max_train_samples,label,precision,recall,f1,roc_auc
60000,0.4177894758831025,60000,toxic,0.8486886348352387,0.8253760627861347,0.8368700265251989,0.9871359686801809
60000,0.4177894758831025,60000,severe_toxic,0.47058823529411764,0.6,0.5274725274725275,0.9915772566147614
60000,0.4177894758831025,60000,obscene,0.8104575163398693,0.8804733727810651,0.8440158820192853,0.9934400298814023
60000,0.4177894758831025,60000,threat,0.5454545454545454,0.625,0.5825242718446602,0.987263644458412
60000,0.4177894758831025,60000,insult,0.7011615628299894,0.8426395939086294,0.7654178674351585,0.9888625610258024
60000,0.4177894758831025,60000,identity_hate,0.5954198473282443,0.5531914893617021,0.5735294117647058,0.9873419253994155
