train_size,train_fraction,max_train_samples,label,precision,recall,f1,roc_auc
130000,0.9052105310800554,130000,toxic,0.8674531575294934,0.8175277959450621,0.8417508417508418,0.9881744085889814
130000,0.9052105310800554,130000,severe_toxic,0.4457831325301205,0.69375,0.5427872860635696,0.9919807887074312
130000,0.9052105310800554,130000,obscene,0.8352402745995423,0.863905325443787,0.8493310063990692,0.9940366399553346
130000,0.9052105310800554,130000,threat,0.47560975609756095,0.8125,0.6,0.9909248638173057
130000,0.9052105310800554,130000,insult,0.734533183352081,0.8286802030456852,0.7787716159809183,0.9897860206994168
130000,0.9052105310800554,130000,identity_hate,0.5925925925925926,0.5673758865248227,0.5797101449275363,0.9895007033010985
