train_size,train_fraction,max_train_samples,label,precision,recall,f1,roc_auc
100000,0.6963157931385042,100000,toxic,0.8419672131147541,0.8397645519947678,0.8408644400785854,0.9882861621287086
100000,0.6963157931385042,100000,severe_toxic,0.48717948717948717,0.59375,0.5352112676056338,0.991620774781618
100000,0.6963157931385042,100000,obscene,0.8474374255065554,0.8414201183431953,0.8444180522565321,0.9938151918270919
100000,0.6963157931385042,100000,threat,0.7272727272727273,0.5,0.5925925925925926,0.9918277288916824
100000,0.6963157931385042,100000,insult,0.7604290822407628,0.8096446700507615,0.7842655193607867,0.9893271351083658
100000,0.6963157931385042,100000,identity_hate,0.5153061224489796,0.7163120567375887,0.599406528189911,0.9878591442818728
