train_size,train_fraction,max_train_samples,label,precision,recall,f1,roc_auc
40000,0.27852631725540167,40000,toxic,0.8184126984126984,0.843034663178548,0.8305412371134021,0.9864846207321468
40000,0.27852631725540167,40000,severe_toxic,0.4719626168224299,0.63125,0.5401069518716578,0.9906372642106595
40000,0.27852631725540167,40000,obscene,0.8408551068883611,0.8378698224852071,0.8393598103141672,0.992321904767125
40000,0.27852631725540167,40000,threat,0.40350877192982454,0.4791666666666667,0.4380952380952381,0.9709996333542845
40000,0.27852631725540167,40000,insult,0.7237880496054115,0.8147208121827412,0.7665671641791045,0.988185588708679
40000,0.27852631725540167,40000,identity_hate,0.4368932038834951,0.6382978723404256,0.5187319884726225,0.9790321213776182
