train_size,train_fraction,max_train_samples,label,precision,recall,f1,roc_auc
20000,0.13926315862770083,20000,toxic,0.8253652058432935,0.8129496402877698,0.8191103789126853,0.9839117510104844
20000,0.13926315862770083,20000,severe_toxic,0.45493562231759654,0.6625,0.539440203562341,0.9906964093556145
20000,0.13926315862770083,20000,obscene,0.8434886499402628,0.8355029585798817,0.8394768133174791,0.991354048025584
20000,0.13926315862770083,20000,threat,0.24,0.375,0.2926829268292683,0.8988489943431802
20000,0.13926315862770083,20000,insult,0.7068004459308808,0.8045685279187818,0.7525222551928783,0.9859571221586821
20000,0.13926315862770083,20000,identity_hate,0.3162393162393162,0.524822695035461,0.39466666666666667,0.9371817825958872
