train_size,train_fraction,max_train_samples,label,precision,recall,f1,roc_auc
110000,0.7659473724523546,110000,toxic,0.8301404853128991,0.8502289077828646,0.840064620355412,0.9881305547866346
110000,0.7659473724523546,110000,severe_toxic,0.47,0.5875,0.5222222222222223,0.9913377088872009
110000,0.7659473724523546,110000,obscene,0.8140814081408141,0.8757396449704142,0.8437856328392246,0.9937791712687498
110000,0.7659473724523546,110000,threat,0.4936708860759494,0.8125,0.6141732283464567,0.9912633563796354
110000,0.7659473724523546,110000,insult,0.7172264355362947,0.8401015228426396,0.7738164815897136,0.9890865453791046
110000,0.7659473724523546,110000,identity_hate,0.5291005291005291,0.7092198581560284,0.6060606060606061,0.9871210928900003
