train_size,train_fraction,max_train_samples,label,precision,recall,f1,roc_auc
90000,0.6266842138246538,90000,toxic,0.8087330873308733,0.8600392413342054,0.8335974643423137,0.9878364736810781
90000,0.6266842138246538,90000,severe_toxic,0.4476987447698745,0.66875,0.5363408521303258,0.9917669562602862
90000,0.6266842138246538,90000,obscene,0.8422301304863582,0.8402366863905325,0.8412322274881516,0.9934766377314566
90000,0.6266842138246538,90000,threat,0.675,0.5625,0.6136363636363636,0.9848660433689503
90000,0.6266842138246538,90000,insult,0.7264673311184939,0.8324873096446701,0.7758722649319929,0.9894302390170286
90000,0.6266842138246538,90000,identity_hate,0.5291005291005291,0.7092198581560284,0.6060606060606061,0.9882156150331114
