train_size,train_fraction,max_train_samples,label,precision,recall,f1,roc_auc
50000,0.3481578965692521,50000,toxic,0.8611111111111112,0.8109875735775016,0.8352980801616706,0.9868016372630133
50000,0.3481578965692521,50000,severe_toxic,0.44493392070484583,0.63125,0.5219638242894057,0.990970573806811
50000,0.3481578965692521,50000,obscene,0.806881243063263,0.8603550295857988,0.8327605956471936,0.992911467340512
50000,0.3481578965692521,50000,threat,0.6857142857142857,0.5,0.5783132530120482,0.9819165095327886
50000,0.3481578965692521,50000,insult,0.7220376522702104,0.8274111675126904,0.7711413364872857,0.9883152946805911
50000,0.3481578965692521,50000,identity_hate,0.5751633986928104,0.624113475177305,0.5986394557823129,0.9764168815579969
