train_size,train_fraction,max_train_samples,label,precision,recall,f1,roc_auc
140000,0.9748421103939059,140000,toxic,0.8481605351170568,0.8293001962066711,0.8386243386243386,0.9880796299835994
140000,0.9748421103939059,140000,severe_toxic,0.42379182156133827,0.7125,0.5314685314685315,0.9918545860235473
140000,0.9748421103939059,140000,obscene,0.8314220183486238,0.8579881656804734,0.844496214327315,0.993871493525892
140000,0.9748421103939059,140000,threat,0.6037735849056604,0.6666666666666666,0.6336633663366337,0.9895086947412528
140000,0.9748421103939059,140000,insult,0.7431192660550459,0.8223350253807107,0.7807228915662651,0.989983695779474
140000,0.9748421103939059,140000,identity_hate,0.5838926174496645,0.6170212765957447,0.6,0.9880380522438151
