train_size,train_fraction,max_train_samples,label,precision,recall,f1,roc_auc
80000,0.5570526345108033,80000,toxic,0.8200253485424588,0.8463047743623283,0.8329578371419376,0.986730111371434
80000,0.5570526345108033,80000,severe_toxic,0.47115384615384615,0.6125,0.532608695652174,0.9914370094315738
80000,0.5570526345108033,80000,obscene,0.8053763440860215,0.8863905325443787,0.843943661971831,0.9940035950083336
80000,0.5570526345108033,80000,threat,0.6428571428571429,0.5625,0.6,0.9831166195265033
80000,0.5570526345108033,80000,insult,0.7408675799086758,0.8236040609137056,0.7800480769230769,0.9900283253415604
80000,0.5570526345108033,80000,identity_hate,0.4838709677419355,0.7446808510638298,0.5865921787709497,0.9838070358806867
