train_size,train_fraction,max_train_samples,label,precision,recall,f1,roc_auc
143613,1.0,143613,toxic,0.8373298768632534,0.8449967298888162,0.8411458333333334,0.9883415742975652
143613,1.0,143613,severe_toxic,0.4186046511627907,0.675,0.5167464114832536,0.9913315767818711
143613,1.0,143613,obscene,0.8339021615472128,0.8674556213017751,0.8503480278422274,0.9942725354596946
143613,1.0,143613,threat,0.546875,0.7291666666666666,0.625,0.9884657186256024
143613,1.0,143613,insult,0.7316258351893096,0.833756345177665,0.7793594306049823,0.9890645861287807
143613,1.0,143613,identity_hate,0.5802469135802469,0.6666666666666666,0.6204620462046204,0.9883178481542214
