train_size,train_fraction,max_train_samples,label,precision,recall,f1,roc_auc
120000,0.835578951766205,120000,toxic,0.8664359861591695,0.8188358404185743,0.8419636852723604,0.9881914741771815
120000,0.835578951766205,120000,severe_toxic,0.4291044776119403,0.71875,0.5373831775700935,0.9913689628433979
120000,0.835578951766205,120000,obscene,0.8325688073394495,0.8591715976331361,0.8456610366919045,0.9935854041565376
120000,0.835578951766205,120000,threat,0.7073170731707317,0.6041666666666666,0.651685393258427,0.9891485962706893
120000,0.835578951766205,120000,insult,0.7511627906976744,0.8197969543147208,0.7839805825242718,0.9899511542618512
120000,0.835578951766205,120000,identity_hate,0.5126903553299492,0.7163120567375887,0.5976331360946746,0.9886095264230023
