train_size,train_fraction,max_train_samples,label,precision,recall,f1,roc_auc
70000,0.48742105519695295,70000,toxic,0.8634788634788635,0.8149117069980379,0.8384925975773889,0.9877079718416435
70000,0.48742105519695295,70000,severe_toxic,0.41007194244604317,0.7125,0.5205479452054794,0.9913197081909103
70000,0.48742105519695295,70000,obscene,0.8045602605863192,0.8769230769230769,0.8391845979614949,0.9933173250663541
70000,0.48742105519695295,70000,threat,0.6410256410256411,0.5208333333333334,0.5747126436781609,0.9861132935260842
70000,0.48742105519695295,70000,insult,0.7288888888888889,0.8324873096446701,0.7772511848341233,0.989366703586092
70000,0.48742105519695295,70000,identity_hate,0.5761589403973509,0.6170212765957447,0.5958904109589042,0.985489622665621
