train_size,train_fraction,max_train_samples,label,precision,recall,f1,roc_auc
10000,0.06963157931385042,10000,toxic,0.8038709677419354,0.8149117069980379,0.8093536862617733,0.9827737278419881
10000,0.06963157931385042,10000,severe_toxic,0.3924914675767918,0.71875,0.5077262693156733,0.9861299689834155
10000,0.06963157931385042,10000,obscene,0.8271918678526048,0.770414201183432,0.7977941176470589,0.9885937769787131
10000,0.06963157931385042,10000,threat,0.1728395061728395,0.2916666666666667,0.21705426356589147,0.8206526293735595
10000,0.06963157931385042,10000,insult,0.6510962821734986,0.866751269035533,0.743603701687534,0.9842736214610054
10000,0.06963157931385042,10000,identity_hate,0.4748201438848921,0.46808510638297873,0.4714285714285714,0.9298593352963886
