train_size,train_fraction,max_train_samples,label,best_threshold,best_f1_on_val
10000,0.06963157931385042,10000,toxic,0.425,0.809354
10000,0.06963157931385042,10000,severe_toxic,0.225,0.507726
10000,0.06963157931385042,10000,obscene,0.51,0.797794
10000,0.06963157931385042,10000,threat,0.14,0.217054
10000,0.06963157931385042,10000,insult,0.2,0.743604
10000,0.06963157931385042,10000,identity_hate,0.255,0.471429
