train_size,train_fraction,max_train_samples,label,best_threshold,best_f1_on_val
120000,0.835578951766205,120000,toxic,0.475,0.841964
120000,0.835578951766205,120000,severe_toxic,0.2,0.537383
120000,0.835578951766205,120000,obscene,0.395,0.845661
120000,0.835578951766205,120000,threat,0.53,0.651685
120000,0.835578951766205,120000,insult,0.39,0.783981
120000,0.835578951766205,120000,identity_hate,0.185,0.597633
