train_size,train_fraction,max_train_samples,label,best_threshold,best_f1_on_val
70000,0.48742105519695295,70000,toxic,0.57,0.838493
70000,0.48742105519695295,70000,severe_toxic,0.27,0.520548
70000,0.48742105519695295,70000,obscene,0.485,0.839185
70000,0.48742105519695295,70000,threat,0.47,0.574713
70000,0.48742105519695295,70000,insult,0.45,0.777251
70000,0.48742105519695295,70000,identity_hate,0.28,0.59589
