train_size,train_fraction,max_train_samples,label,best_threshold,best_f1_on_val
80000,0.5570526345108033,80000,toxic,0.46,0.832958
80000,0.5570526345108033,80000,severe_toxic,0.445,0.532609
80000,0.5570526345108033,80000,obscene,0.365,0.843944
80000,0.5570526345108033,80000,threat,0.61,0.6
80000,0.5570526345108033,80000,insult,0.295,0.780048
80000,0.5570526345108033,80000,identity_hate,0.06,0.586592
