train_size,train_fraction,max_train_samples,label,best_threshold,best_f1_on_val
40000,0.27852631725540167,40000,toxic,0.49,0.830541
40000,0.27852631725540167,40000,severe_toxic,0.42,0.540107
40000,0.27852631725540167,40000,obscene,0.655,0.83936
40000,0.27852631725540167,40000,threat,0.22,0.438095
40000,0.27852631725540167,40000,insult,0.515,0.766567
40000,0.27852631725540167,40000,identity_hate,0.335,0.518732
