train_size,train_fraction,max_train_samples,label,best_threshold,best_f1_on_val
50000,0.3481578965692521,50000,toxic,0.565,0.835298
50000,0.3481578965692521,50000,severe_toxic,0.355,0.521964
50000,0.3481578965692521,50000,obscene,0.46,0.832761
50000,0.3481578965692521,50000,threat,0.73,0.578313
50000,0.3481578965692521,50000,insult,0.355,0.771141
50000,0.3481578965692521,50000,identity_hate,0.25,0.598639
