train_size,train_fraction,max_train_samples,label,best_threshold,best_f1_on_val
90000,0.6266842138246538,90000,toxic,0.445,0.833597
90000,0.6266842138246538,90000,severe_toxic,0.32,0.536341
90000,0.6266842138246538,90000,obscene,0.51,0.841232
90000,0.6266842138246538,90000,threat,0.575,0.613636
90000,0.6266842138246538,90000,insult,0.415,0.775872
90000,0.6266842138246538,90000,identity_hate,0.43,0.606061
