train_size,train_fraction,max_train_samples,label,best_threshold,best_f1_on_val
20000,0.13926315862770083,20000,toxic,0.49,0.81911
20000,0.13926315862770083,20000,severe_toxic,0.31,0.53944
20000,0.13926315862770083,20000,obscene,0.355,0.839477
20000,0.13926315862770083,20000,threat,0.175,0.292683
20000,0.13926315862770083,20000,insult,0.365,0.752522
20000,0.13926315862770083,20000,identity_hate,0.22,0.394667
