train_size,train_fraction,max_train_samples,label,best_threshold,best_f1_on_val
100000,0.6963157931385042,100000,toxic,0.375,0.840864
100000,0.6963157931385042,100000,severe_toxic,0.32,0.535211
100000,0.6963157931385042,100000,obscene,0.505,0.844418
100000,0.6963157931385042,100000,threat,0.765,0.592593
100000,0.6963157931385042,100000,insult,0.42,0.784266
100000,0.6963157931385042,100000,identity_hate,0.23,0.599407
