train_size,train_fraction,max_train_samples,label,best_threshold,best_f1_on_val
130000,0.9052105310800554,130000,toxic,0.665,0.841751
130000,0.9052105310800554,130000,severe_toxic,0.245,0.542787
130000,0.9052105310800554,130000,obscene,0.61,0.849331
130000,0.9052105310800554,130000,threat,0.065,0.6
130000,0.9052105310800554,130000,insult,0.465,0.778772
130000,0.9052105310800554,130000,identity_hate,0.535,0.57971
