train_size,train_fraction,max_train_samples,label,best_threshold,best_f1_on_val
110000,0.7659473724523546,110000,toxic,0.575,0.840065
110000,0.7659473724523546,110000,severe_toxic,0.44,0.522222
110000,0.7659473724523546,110000,obscene,0.555,0.843786
110000,0.7659473724523546,110000,threat,0.23,0.614173
110000,0.7659473724523546,110000,insult,0.525,0.773816
110000,0.7659473724523546,110000,identity_hate,0.26,0.606061
