train_size,train_fraction,max_train_samples,label,best_threshold,best_f1_on_val
30000,0.20889473794155125,30000,toxic,0.39,0.827034
30000,0.20889473794155125,30000,severe_toxic,0.14,0.523077
30000,0.20889473794155125,30000,obscene,0.5,0.836017
30000,0.20889473794155125,30000,threat,0.065,0.368421
30000,0.20889473794155125,30000,insult,0.39,0.764198
30000,0.20889473794155125,30000,identity_hate,0.12,0.40118
