train_size,train_fraction,max_train_samples,label,best_threshold,best_f1_on_val
60000,0.4177894758831025,60000,toxic,0.56,0.83687
60000,0.4177894758831025,60000,severe_toxic,0.38,0.527473
60000,0.4177894758831025,60000,obscene,0.51,0.844016
60000,0.4177894758831025,60000,threat,0.48,0.582524
60000,0.4177894758831025,60000,insult,0.325,0.765418
60000,0.4177894758831025,60000,identity_hate,0.42,0.573529
