train_size,train_fraction,max_train_samples,label,best_threshold,best_f1_on_val
140000,0.9748421103939059,140000,toxic,0.34,0.838624
140000,0.9748421103939059,140000,severe_toxic,0.285,0.531469
140000,0.9748421103939059,140000,obscene,0.62,0.844496
140000,0.9748421103939059,140000,threat,0.4,0.633663
140000,0.9748421103939059,140000,insult,0.425,0.780723
140000,0.9748421103939059,140000,identity_hate,0.315,0.6
