{
  "toxic": 0.9400000000000002,
  "severe_toxic": 0.9400000000000002,
  "obscene": 0.9500000000000002,
  "threat": 0.9400000000000002,
  "insult": 0.9400000000000002,
  "identity_hate": 0.9500000000000002
}