loss_strategy,label,precision,recall,f1,roc_auc
focal_gamma2,toxic,0.8654804270462634,0.7952910398953564,0.8289025221540559,0.9867728320005933
focal_gamma2,severe_toxic,0.37537537537537535,0.78125,0.5070993914807302,0.9910328839093557
focal_gamma2,obscene,0.8327485380116959,0.842603550295858,0.8376470588235294,0.9918244686869763
focal_gamma2,threat,0.543859649122807,0.6458333333333334,0.5904761904761905,0.9888952178923108
focal_gamma2,insult,0.7005181347150259,0.8578680203045685,0.7712492869366799,0.9889995449206789
focal_gamma2,identity_hate,0.5284090909090909,0.6595744680851063,0.5867507886435331,0.9886998771857374
