loss_strategy,label,precision,recall,f1,roc_auc
focal_gamma3,toxic,0.8488918737407656,0.8266841072596468,0.8376408217362492,0.9874322028147932
focal_gamma3,severe_toxic,0.46919431279620855,0.61875,0.5336927223719676,0.9917204709456894
focal_gamma3,obscene,0.8205128205128205,0.8710059171597633,0.8450057405281286,0.9929788492762803
focal_gamma3,threat,0.5957446808510638,0.5833333333333334,0.5894736842105263,0.9910885449402891
focal_gamma3,insult,0.733934611048478,0.8261421319796954,0.7773134328358209,0.9896639690947602
focal_gamma3,identity_hate,0.51010101010101,0.7163120567375887,0.5958702064896755,0.9907012698878169
