loss_strategy,label,precision,recall,f1,roc_auc
bce_no_pos_weight,toxic,0.8473231989424983,0.8384565075212557,0.8428665351742275,0.9873681558662495
bce_no_pos_weight,severe_toxic,0.4339622641509434,0.71875,0.5411764705882353,0.9916638973287758
bce_no_pos_weight,obscene,0.839811542991755,0.8437869822485207,0.8417945690672963,0.9925842283985299
bce_no_pos_weight,threat,0.6363636363636364,0.5833333333333334,0.6086956521739131,0.9831179289754872
bce_no_pos_weight,insult,0.708421052631579,0.8540609137055838,0.7744533947065593,0.9893106970409807
bce_no_pos_weight,identity_hate,0.5128205128205128,0.7092198581560284,0.5952380952380952,0.9884667139270656
