loss_strategy,label,precision,recall,f1,roc_auc
focal_gamma1,toxic,0.8468286099865048,0.8207979071288424,0.8336100963135171,0.9867342587852991
focal_gamma1,severe_toxic,0.42379182156133827,0.7125,0.5314685314685315,0.9917283833396633
focal_gamma1,obscene,0.8645962732919255,0.8236686390532545,0.8436363636363636,0.9928478832244821
focal_gamma1,threat,0.65,0.5416666666666666,0.5909090909090909,0.9883583438089252
focal_gamma1,insult,0.7617896009673518,0.799492385786802,0.7801857585139319,0.9894744084805371
focal_gamma1,identity_hate,0.46120689655172414,0.7588652482269503,0.5737265415549598,0.9893076710263712
