loss_strategy,label,precision,recall,f1,roc_auc
bce_pos_weight_clip20,toxic,0.8003640776699029,0.8626553302812295,0.8303430909663204,0.9871011575998685
bce_pos_weight_clip20,severe_toxic,0.41379310344827586,0.75,0.5333333333333333,0.9918506298265605
bce_pos_weight_clip20,obscene,0.821917808219178,0.8520710059171598,0.8367228355607205,0.9928836688661393
bce_pos_weight_clip20,threat,0.5081967213114754,0.6458333333333334,0.5688073394495413,0.9904626283260005
bce_pos_weight_clip20,insult,0.7298787210584344,0.8401015228426396,0.7811209439528024,0.9889699731302432
bce_pos_weight_clip20,identity_hate,0.5972222222222222,0.6099290780141844,0.6035087719298246,0.9894412915092253
