label,best_threshold,best_f1_on_val,train_size
toxic,0.86,0.790817976075008,10000
severe_toxic,0.88,0.5297297297297298,10000
obscene,0.92,0.7988200589970501,10000
threat,0.59,0.14285714285714285,10000
insult,0.93,0.7051442910915935,10000
identity_hate,0.86,0.2818181818181818,10000
