label,best_threshold,best_f1_on_val,train_size
toxic,0.91,0.8167888074616922,100000
severe_toxic,0.93,0.5296610169491526,100000
obscene,0.95,0.8407026044821321,100000
threat,0.74,0.55,100000
insult,0.95,0.7484355444305382,100000
identity_hate,0.89,0.569620253164557,100000
