label,precision_baseline,recall_baseline,f1_baseline,roc_auc_baseline,precision_tuned,recall_tuned,f1_tuned,roc_auc_tuned,train_size,pos_weight_toxic,pos_weight_severe_toxic,pos_weight_obscene,pos_weight_threat,pos_weight_insult,pos_weight_identity_hate
toxic,0.5001695489996609,0.9571706683971447,0.6570155902004454,0.9774563359095905,0.8021178027796162,0.7865022712524334,0.7942332896461337,0.9774563359095905,20000,9.330578804016113,50.0,17.587360382080078,50.0,18.39864158630371,50.0
severe_toxic,0.15252621544327932,0.9815950920245399,0.264026402640264,0.9883291870340268,0.39928057553956836,0.6809815950920245,0.5034013605442177,0.9883291870340268,20000,9.330578804016113,50.0,17.587360382080078,50.0,18.39864158630371,50.0
obscene,0.43811610076670315,0.963855421686747,0.6024096385542169,0.9868101438010105,0.7492096944151738,0.8566265060240964,0.7993254637436762,0.9868101438010105,20000,9.330578804016113,50.0,17.587360382080078,50.0,18.39864158630371,50.0
threat,0.044326241134751775,0.4716981132075472,0.08103727714748785,0.9485376023915584,0.14285714285714285,0.18867924528301888,0.16260162601626016,0.9485376023915584,20000,9.330578804016113,50.0,17.587360382080078,50.0,18.39864158630371,50.0
insult,0.4065874730021598,0.9616858237547893,0.5715370018975332,0.9809471028717748,0.6681222707423581,0.7816091954022989,0.7204237786933491,0.9809471028717748,20000,9.330578804016113,50.0,17.587360382080078,50.0,18.39864158630371,50.0
identity_hate,0.09468317552804079,0.9154929577464789,0.1716171617161716,0.9675981088859917,0.19484240687679083,0.4788732394366197,0.2769857433808554,0.9675981088859917,20000,9.330578804016113,50.0,17.587360382080078,50.0,18.39864158630371,50.0
