label,best_threshold,best_f1_on_val,train_size
toxic,0.93,0.7978290366350068,10000
severe_toxic,0.95,0.5135135135135135,10000
obscene,0.95,0.8019036287923855,10000
threat,0.76,0.25287356321839083,10000
insult,0.95,0.7046568627450981,10000
identity_hate,0.92,0.43037974683544306,10000
