label,best_threshold,best_f1_on_val,train_size
toxic,0.9,0.819192882109946,100000
severe_toxic,0.95,0.5022026431718062,100000
obscene,0.95,0.8288707799767171,100000
threat,0.89,0.5736434108527132,100000
insult,0.95,0.7485311398354877,100000
identity_hate,0.95,0.5217391304347826,100000
